subreddit,post_id,post_title,comment_id,score,comment_text
lululemon,post_lululemon_0,Discussion in r/lululemon,comm_lululemon_0,10,"so its artificially ""used""? lol thats........... somethign else :O im sure there are ones actually used im glad you had a good xp "
lululemon,post_lululemon_1,Discussion in r/lululemon,comm_lululemon_1,10,"Congrats on the weight loss! I wouldn't size down, I personally think it would fit better if you actually sized up. Remember size is just a number, I struggled with that for a long time, untill I realized sizing up actually made clothes look way better on me then buying the smaller size"
lululemon,post_lululemon_2,Discussion in r/lululemon,comm_lululemon_2,10,What about their one year quality promise? Inquire about that 
lululemon,post_lululemon_3,Discussion in r/lululemon,comm_lululemon_3,10,"Yes, but mostly with the swiftlys. It would cause eczema like patches on my arms. "
lululemon,post_lululemon_4,Discussion in r/lululemon,comm_lululemon_4,10,Yes I have. Not their sports bras. The silicone grippers on certain skorts gave me hives on both thighs exactly where they touch my legs. It’s always the thin continuous sticky grippers. They have the dotted ones which are fine on my skin. I do agree with you their bras do retain sweat. I stopped wearing their sports bras. I have yet to find a brand that wicks sweat well. 
lululemon,post_lululemon_6,Discussion in r/lululemon,comm_lululemon_6,10,"Per our [sub update](https://www.reddit.com/r/lululemon/comments/1r6o3be/mod_update_how_were_handling_nsfw_profiles_and/), users that post NSFW content and/or have monetized bios in their profile are no longer allowed to participate in our sub. Please either update your profile to remove all NSFW content/monetization or create a new SFW Reddit account to continue posting.

Feel free to contact mods if you need further clarification."
lululemon,post_lululemon_7,Discussion in r/lululemon,comm_lululemon_7,10,"I’d say that is the correct size however if you are going to keep losing weight, I’d wait. I bought lots in btwn sizes and they didn’t fit for long. Or I’d size down if you’re confident you’ll keep losing. Congrats!!"
lululemon,post_lululemon_8,Discussion in r/lululemon,comm_lululemon_8,10,I need to know too !!
lululemon,post_lululemon_9,Discussion in r/lululemon,comm_lululemon_9,10,You definitely got a bad educator - I’d honestly ask to speak to the manager if online support isn’t able to support. 
lululemon,post_lululemon_11,Discussion in r/lululemon,comm_lululemon_11,10,"Can anyone tell me about the fit of the Steady State SuperLoft Half Zip vs. the cropped Scuba Half Zip? Debating pulling the trigger on one or the other from today’s WMTM drop but I’ve never purchased a Lulu half zip before. I am 4’11” so I am wary of the Steady State being too long in the torso but some reviews complain that it is short (but that would be a positive for me). I think the crop of the Scuba might be a better fit, but it is $20 more than the Steady State and the Steady State has Dusty Diamond on sale and I love that color. "
lululemon,post_lululemon_12,Discussion in r/lululemon,comm_lululemon_12,10,I've been eyeing their outerwear! Thx!
lululemon,post_lululemon_13,Discussion in r/lululemon,comm_lululemon_13,10,Not a fan? It is out of character for them having their logo on like that 
lululemon,post_lululemon_14,Discussion in r/lululemon,comm_lululemon_14,10,Dreamy blue is on sale! 
lululemon,post_lululemon_15,Discussion in r/lululemon,comm_lululemon_15,10,I hope so with that giant logo. 
lululemon,post_lululemon_16,Discussion in r/lululemon,comm_lululemon_16,10,It was a special drop!
lululemon,post_lululemon_17,Discussion in r/lululemon,comm_lululemon_17,10,"I recommend saving a couple and getting a Wunder Puff jacket, their outerwear is so so good, and you mentioned you live in a four seasons climate."
lululemon,post_lululemon_18,Discussion in r/lululemon,comm_lululemon_18,10,Quite the big logo lol. 
lululemon,post_lululemon_19,Discussion in r/lululemon,comm_lululemon_19,10,"I would say it depends on the body type.   
I am slim with a really small waist compared to my hips. Each and every pants that sit well with wiggle room on my hips and thighs, are much too wide at my waist. Same goes for skirts. "
stanleycups,post_stanleycups_0,Discussion in r/stanleycups,comm_stanleycups_0,10,Is it not periwinkle shimmer? Aster is really light lilac and the logo on aster is silver? I’ve been eyeing up the periwinkle shimmer for a while now lol! 
stanleycups,post_stanleycups_1,Discussion in r/stanleycups,comm_stanleycups_1,10,"No. I guess? I mean it’s not a shaker bottle. The quencher tumblers are famous for not being potty trained, as they leak all over the place. But the new Pro Tour cups have a leakproof lid with flip straw. 

I do use some powders in my quenchers. I just stir them in.  The straw works to stir it. Then I close it, with the ice inside, and agitate it with a horizontal motion, so it doesn’t splash out all over the place to mix it up. But I’m not like shaking protein powder in there. It’s like lemonade mix. 

Stanley does make a shaker bottle that looks really neat. It has a screw on container on the bottom to store workout powder or snacks, then you add the powder and can shake it. "
stanleycups,post_stanleycups_2,Discussion in r/stanleycups,comm_stanleycups_2,10,Whipped cream seems unnecessary. 
stanleycups,post_stanleycups_3,Discussion in r/stanleycups,comm_stanleycups_3,10,"I don’t see why not. I worked at Dairy Queen and have on occasion drank a milkshake before. So I know that the most important thing about drinking milkshakes is the straw. The straw needs to be firm, and a larger radius than typical home use plastic straws. The Stanley straw is acceptable for milkshakes, as are the McDonalds straws. 

After using it for a milkshake, you just want to wash it well, and it might need a good scrubbing with the pipe cleaner scrubbing tool that comes with reusable straws (I think I got one when I bought a Stanley pack of straws, but I already have a bunch from other steel straws I already have. There is also a special kind of dish soap marketed to people with babies, to wash milk, breast milk, and formula off the baby bottles. It works better to get that calcium residue off. "
stanleycups,post_stanleycups_4,Discussion in r/stanleycups,comm_stanleycups_4,10,No discount? They were 60% off here! I paid $20 for the 40 and $18 for the 30
stanleycups,post_stanleycups_5,Discussion in r/stanleycups,comm_stanleycups_5,10,It's a nice color!! :)
stanleycups,post_stanleycups_6,Discussion in r/stanleycups,comm_stanleycups_6,10,"Yes I've had milkshakes, iced coffee and a bottle of wine in mines 🤣"
stanleycups,post_stanleycups_7,Discussion in r/stanleycups,comm_stanleycups_7,10,Yes!!!
stanleycups,post_stanleycups_8,Discussion in r/stanleycups,comm_stanleycups_8,10,Aster?
stanleycups,post_stanleycups_9,Discussion in r/stanleycups,comm_stanleycups_9,10,"I have a couple of 40oz cups with the flip straws and I do this every day. It will leak a bit if you shake hard, they're not perfect seals. To avoid this I fill the cup halfway with water, add the electrolytes, put the lid on and shake, take the lid back off, top off with water and ice. A bit of a pain but it works."
stanleycups,post_stanleycups_10,Discussion in r/stanleycups,comm_stanleycups_10,10,I am a new Stanley Cup owner and somewhere I read this not good to put anything in the Tumblr and shake it. Is that true?   Could I put an electrolyte powder in it and shake it?  TIA
stanleycups,post_stanleycups_11,Discussion in r/stanleycups,comm_stanleycups_11,10,I tried one of these when I was about 8 and literally nearly threw up after the first creamy bubbly sip 🤢😂 you’ve just unlocked a fizzy creamy trauma then lmao! 
stanleycups,post_stanleycups_12,Discussion in r/stanleycups,comm_stanleycups_12,10,"That’s where mine shipped from, but I’m in Indiana."
stanleycups,post_stanleycups_13,Discussion in r/stanleycups,comm_stanleycups_13,10,yes I put my coffee Frappe in it pretty much every day it's perfect 
stanleycups,post_stanleycups_14,Discussion in r/stanleycups,comm_stanleycups_14,10,"The must have found more boxes in Europe too because it's back in stock here, no discount afaik."
stanleycups,post_stanleycups_15,Discussion in r/stanleycups,comm_stanleycups_15,10,No need to be rude. I’ll set the mods on you. 
stanleycups,post_stanleycups_16,Discussion in r/stanleycups,comm_stanleycups_16,10,Thanks for sharing! 
stanleycups,post_stanleycups_17,Discussion in r/stanleycups,comm_stanleycups_17,10,Ew gross. 
stanleycups,post_stanleycups_18,Discussion in r/stanleycups,comm_stanleycups_18,10,"If it was, I’d hire that person in a heartbeat. Covert sweat treat outside the box thinker! "
stanleycups,post_stanleycups_19,Discussion in r/stanleycups,comm_stanleycups_19,10,Do you mean for like a job interview? 
dupes,post_dupes_0,Discussion in r/dupes,comm_dupes_0,10,Thank you so much! I've been using equate sensitive and been loving them. I will give these a try too.
dupes,post_dupes_1,Discussion in r/dupes,comm_dupes_1,10,Thank you!!
dupes,post_dupes_2,Discussion in r/dupes,comm_dupes_2,10,Reviews*
dupes,post_dupes_3,Discussion in r/dupes,comm_dupes_3,10,"Go on aliexpress and search lulu bottle !! I pucken the one with the free shipping and with the most orders, these often gets banned so if it dissapears from ur shopping cart just Find a new one w good reviret"
dupes,post_dupes_4,Discussion in r/dupes,comm_dupes_4,10,Does anyone know of a dupe for Gap Simply white? Or Gap Blue 655 for women?
dupes,post_dupes_8,Discussion in r/dupes,comm_dupes_8,10,I know I’m so sad. It’s kept my curls looking fresh and soft for over 3 days (even on humid days) has Briogeo worked for you?
dupes,post_dupes_9,Discussion in r/dupes,comm_dupes_9,10,The manuka honey line they have is the closest I can find but it's not nearly as good imo I feel like nobody cares but us lmao. The super fruit was a game changer for me
dupes,post_dupes_10,Discussion in r/dupes,comm_dupes_10,10,I am so sad it was my favorite line. On the hunt for dupes as well
